id,name,category,value,updated_at,active
1001,Механическая клавиатура,Электроника,2999.9,2026-01-10 09:15:00,True
1002,Беспроводная мышь,Электроника,1599.5,2026-01-11 00:00:00,True
1003,Монитор 24 дюйма,Электроника,18490.0,2026-01-11 14:30:00,True
1009,USB-C кабель,Электроника,890.0,2026-01-16 00:00:00,True
1010,Портативная колонка,Электроника,,2026-01-17 12:20:00,True
1015,Флеш-накопитель 64GB,Электроника,999.0,2026-01-21 00:00:00,True
1018,Наушники,Электроника,3290.0,,True
1022,Веб-камера,Электроника,2690.0,2026-01-27 00:00:00,False
1023,Коврик для мыши,Электроника,399.0,2026-01-28 00:00:00,True
